id,price,property_type,room_type,amenities,accommodates,bathrooms,bed_type,cancellation_policy,cleaning_fee,city,host_identity_verified,host_response_rate,host_since,neighbourhood,number_of_reviews,review_scores_rating,zipcode,bedrooms,beds,host_id
8284881,621.46,House,Entire home/apt,"{TV,""Cable TV"",Internet,""Wireless Internet"",""Air conditioning"",Pool,Kitchen,""Free parking on premises"",Gym,""Hot tub"",""Indoor fireplace"",Heating,""Family/kid friendly"",Washer,Dryer,""Smoke detector"",""Carbon monoxide detector"",""First aid kit"",""Safety card"",""Fire extinguisher"",Essentials,Shampoo,""24-hour check-in"",Hangers,""Hair dryer"",Iron,""Laptop friendly workspace""}",8,3,Real Bed,strict,1,LA,f,100%,2016-11-01,Pacific Palisades,1,,90272,4,6,621.46Entire home/apt2016-11-01902721
8284882,621.46,House,Entire home/apt,"{TV,""Cable TV"",Internet,""Wireless Internet"",""Air conditioning"",Pool,Kitchen,""Free parking on premises"",Gym,""Hot tub"",""Indoor fireplace"",Heating,""Family/kid friendly"",Washer,Dryer,""Smoke detector"",""Carbon monoxide detector"",""First aid kit"",""Safety card"",""Fire extinguisher"",Essentials,Shampoo,""24-hour check-in"",Hangers,""Hair dryer"",Iron,""Laptop friendly workspace""}",8,3,Real Bed,strict,1,LA,f,100%,2016-11-01,Pacific Palisades,1,,90272,4,6,621.46Entire home/apt2016-11-01902721
9479348,598.9,Apartment,Entire home/apt,"{""Wireless Internet"",""Air conditioning"",Kitchen,Heating,""Smoke detector"",""Carbon monoxide detector"",Essentials,Shampoo,Hangers,Iron,""translation missing: en.hosting_amenity_49"",""translation missing: en.hosting_amenity_50""}",7,2,Real Bed,strict,0,NYC,f,100%,2017-07-03,Hell's Kitchen,1,60.0,10036,3,4,598.9Entire home/apt2017-07-03100361
8596057,420.47,House,Private room,"{""Wireless Internet"",""Air conditioning"",Pool,Kitchen,""Free parking on premises"",Breakfast,""Family/kid friendly"",Washer,Dryer,Essentials,Shampoo,Hangers,""Hair dryer"",""Self Check-In"",""Doorman Entry""}",1,2,Real Bed,flexible,0,LA,f,100%,2016-04-20,,0,,91748,1,1,420.47Private room2016-04-20917480
11525500,478.75,Apartment,Entire home/apt,"{""Wireless Internet"",""Air conditioning"",Heating,Washer,Dryer,Essentials,""Laptop friendly workspace"",Microwave,Refrigerator,Dishwasher,""Dishes and silverware"",""Cooking basics"",Oven,Stove,""Host greets you""}",2,1,Real Bed,flexible,1,NYC,f,100%,2017-10-07,Williamsburg,2,100.0,11206,1,1,478.75Entire home/apt2017-10-07112062
533884,662.01,Apartment,Entire home/apt,"{TV,Internet,""Wireless Internet"",""Air conditioning"",Kitchen,""Pets allowed"",Heating,""Family/kid friendly"",Washer,Dryer,Shampoo,""24-hour check-in"",Hangers,""Hair dryer"",""Laptop friendly workspace""}",6,1,Real Bed,flexible,0,SF,f,,2016-01-20,Cow Hollow,0,,94123,3,3,662.01Entire home/apt2016-01-20941230
1404510,534.71,Townhouse,Entire home/apt,"{TV,""Wireless Internet"",Kitchen,""Free parking on premises"",""Indoor fireplace"",Heating,""Family/kid friendly"",Washer,Dryer,""Smoke detector"",""First aid kit"",""Fire extinguisher"",Essentials,Shampoo,Hangers,""Hair dryer"",Iron,""Laptop friendly workspace""}",6,2,Real Bed,moderate,1,LA,t,100%,2015-09-02,West Los Angeles,10,95.0,90025,3,3,534.71Entire home/apt2015-09-029002510
4691130,444.27,House,Private room,"{TV,""Wireless Internet"",""Air conditioning"",Pool,Kitchen,""Free parking on premises"",Breakfast,Heating,""Family/kid friendly"",Washer,Dryer,""Smoke detector"",""Carbon monoxide detector"",""First aid kit"",Essentials,Shampoo,""Lock on bedroom door"",Hangers,""Hair dryer"",Iron,""Laptop friendly workspace""}",2,1,Real Bed,flexible,1,LA,t,0%,2013-10-28,,0,,91324,1,1,444.27Private room2013-10-28913240
16449480,468.21,Apartment,Private room,"{TV,""Cable TV"",Internet,""Wireless Internet"",""Air conditioning"",Kitchen,""Smoking allowed"",""Pets allowed"",Doorman,Elevator,Heating,Washer,Dryer,""Smoke detector"",""Fire extinguisher"",Essentials,Shampoo}",2,1,Real Bed,moderate,1,NYC,f,100%,2012-03-26,East Harlem,4,90.0,10029,1,1,468.21Private room2012-03-26100294
12513361,555.68,Apartment,Entire home/apt,"{TV,""Wireless Internet"",""Air conditioning"",""Smoke detector"",""Carbon monoxide detector"",Essentials,""Lock on bedroom door"",Hangers,Iron}",2,1,Real Bed,flexible,0,NYC,t,89%,2015-11-18,East Harlem,3,87.0,10029,0,1,555.68Entire home/apt2015-11-18100293
15149374,444.27,Bungalow,Private room,"{""Wireless Internet"",Kitchen,""Pets allowed"",""Indoor fireplace"",Heating,Washer,Dryer,""Smoke detector"",""Carbon monoxide detector"",""First aid kit"",""Fire extinguisher"",Essentials,Shampoo,""Lock on bedroom door"",Hangers,""Hair dryer"",Iron,""Laptop friendly workspace""}",3,1,Real Bed,strict,1,LA,t,97%,2012-08-17,Venice,3,100.0,90291,0,1,444.27Private room2012-08-17902913
11972209,548.06,Apartment,Entire home/apt,"{TV,""Cable TV"",Internet,""Wireless Internet"",""Air conditioning"",Kitchen,Heating,""Family/kid friendly"",""Smoke detector"",""Carbon monoxide detector"",""First aid kit"",""Safety card"",""Fire extinguisher"",Essentials,Shampoo,""24-hour check-in"",Hangers,""Hair dryer"",Iron,""Laptop friendly workspace"",""Private entrance"",Bathtub,""Baby bath"",""High chair"",""Children��s books and toys"",""Pack ��n Play/travel crib"",""Children��s dinnerware""}",7,1,Real Bed,strict,1,NYC,t,100%,2014-01-29,East Harlem,140,94.0,10029,3,3,548.06Entire home/apt2014-01-2910029140
6689195,433.07,Apartment,Entire home/apt,"{TV,Internet,""Wireless Internet"",""Air conditioning"",Pool,Kitchen,Gym,""Pets live on this property"",Cat(s),""Buzzer/wireless intercom"",""Family/kid friendly"",Washer,Dryer,""Smoke detector"",""First aid kit"",""Fire extinguisher"",Essentials,Shampoo,Hangers,""Hair dryer"",Iron,""Laptop friendly workspace""}",4,1,Real Bed,strict,0,LA,t,,2013-05-30,Burbank,1,,91504,2,2,433.07Entire home/apt2013-05-30915041
17009057,552.15,House,Entire home/apt,"{TV,""Cable TV"",Internet,""Wireless Internet"",Kitchen,""Free parking on premises"",Heating,""Family/kid friendly"",Washer,Dryer,""Smoke detector"",""Carbon monoxide detector"",""Fire extinguisher"",Essentials,Shampoo,Hangers,""Hair dryer"",Iron,""Laptop friendly workspace"",""translation missing: en.hosting_amenity_50"",""Self Check-In"",Lockbox}",4,2,Real Bed,moderate,1,SF,t,80%,2014-02-23,Bernal Heights,25,98.0,94110,2,2,552.15Entire home/apt2014-02-239411025
18333003,570.04,Apartment,Private room,"{TV,""Wireless Internet"",""Air conditioning"",Pool,Kitchen,Gym,""Elevator in building"",Heating,""Family/kid friendly"",Washer,Dryer,""Smoke detector"",Essentials,Shampoo,Hangers,""Laptop friendly workspace"",""Private living room""}",4,2,Real Bed,flexible,0,Chicago,f,80%,2015-06-30,Loop,0,,60606,2,2,570.04Private room2015-06-30606060
16274069,482.83,Apartment,Entire home/apt,"{TV,Internet,""Wireless Internet"",""Air conditioning"",Kitchen,""Free parking on premises"",""Buzzer/wireless intercom"",Heating,""Family/kid friendly"",""Smoke detector"",""Carbon monoxide detector"",""First aid kit"",Essentials}",4,1,Real Bed,moderate,1,NYC,f,100%,2014-02-11,Bedford-Stuyvesant,13,92.0,11216,2,3,482.83Entire home/apt2014-02-111121613
13121821,501.06,Apartment,Private room,"{TV,""Cable TV"",Internet,""Wireless Internet"",""Air conditioning"",Kitchen,Heating,""Smoke detector"",""First aid kit"",Essentials,Hangers,""Hair dryer"",Iron,""Laptop friendly workspace""}",1,1,Real Bed,flexible,0,NYC,f,,2014-09-20,Park Slope,0,,11215,1,1,501.06Private room2014-09-20112150
15705947,478.75,Apartment,Entire home/apt,"{""Wireless Internet"",""Air conditioning"",Kitchen,""Family/kid friendly"",""Suitable for events"",Washer,Dryer,""Smoke detector"",""Carbon monoxide detector"",""First aid kit"",""Safety card"",Essentials,Shampoo,""Hair dryer"",Iron,""Laptop friendly workspace""}",4,1,Real Bed,moderate,1,NYC,f,80%,2015-07-09,Upper East Side,7,90.0,10065,1,2,478.75Entire home/apt2015-07-09100657
11456592,529.83,Loft,Private room,"{""Wireless Internet"",""Air conditioning"",""Free parking on premises"",Breakfast,Heating,Essentials,""Lock on bedroom door"",""Laptop friendly workspace"",""translation missing: en.hosting_amenity_49"",""translation missing: en.hosting_amenity_50""}",2,1,Real Bed,moderate,0,NYC,f,100%,2011-02-23,Williamsburg,0,,11211,0,2,529.83Private room2011-02-23112110
11456593,529.83,Loft,Private room,"{""Wireless Internet"",""Air conditioning"",""Free parking on premises"",Breakfast,Heating,Essentials,""Lock on bedroom door"",""Laptop friendly workspace"",""translation missing: en.hosting_amenity_49"",""translation missing: en.hosting_amenity_50""}",2,1,Real Bed,moderate,0,NYC,f,100%,2011-02-23,Williamsburg,0,,11211,0,2,529.83Private room2011-02-23112110
11456594,529.83,Loft,Private room,"{""Wireless Internet"",""Air conditioning"",""Free parking on premises"",Breakfast,Heating,Essentials,""Lock on bedroom door"",""Laptop friendly workspace"",""translation missing: en.hosting_amenity_49"",""translation missing: en.hosting_amenity_50""}",2,1,Real Bed,moderate,0,NYC,f,100%,2011-02-23,Williamsburg,0,,11211,0,2,529.83Private room2011-02-23112110
1077375,400.73,Apartment,Private room,"{""Wireless Internet"",Heating,""Family/kid friendly"",""Smoke detector"",""Carbon monoxide detector"",""Fire extinguisher"",Essentials,Shampoo,Hangers,Iron,""Laptop friendly workspace"",""translation missing: en.hosting_amenity_50""}",1,1,Real Bed,moderate,1,NYC,t,,2015-04-04,Sunset Park,1,100.0,11220,1,1,400.73Private room2015-04-04112201
12497464,431.75,Apartment,Private room,"{""Wireless Internet"",Kitchen,""Buzzer/wireless intercom"",Heating,""Family/kid friendly"",Washer,Dryer,""Smoke detector"",""Carbon monoxide detector""}",2,1,Real Bed,moderate,1,NYC,t,,2014-01-14,Crown Heights,2,80.0,11238,1,1,431.75Private room2014-01-14112382
16073836,431.75,House,Private room,"{TV,Internet,""Wireless Internet"",""Free parking on premises"",""Family/kid friendly"",Washer,Dryer,Essentials}",2,1,Real Bed,flexible,0,LA,f,,2016-09-02,Culver City,0,,90232,1,1,431.75Private room2016-09-02902320
17681277,529.83,Apartment,Private room,"{TV,Internet,""Wireless Internet"",""Air conditioning"",Kitchen,""Free parking on premises"",""Indoor fireplace"",Heating,Washer,Dryer,""Smoke detector"",""Carbon monoxide detector"",""First aid kit"",""Fire extinguisher"",Essentials,Shampoo}",2,1,Real Bed,strict,1,LA,t,100%,2011-04-07,Echo Park,0,,90026,1,1,529.83Private room2011-04-07900260
4471474,313.55,House,Shared room,{},1,1,Real Bed,flexible,1,LA,t,100%,2013-12-20,,0,,91405,1,1,313.55Shared room2013-12-20914050
15754561,482.83,Apartment,Entire home/apt,"{""Wireless Internet"",""Air conditioning"",Kitchen,""Family/kid friendly"",""Smoke detector"",""Carbon monoxide detector"",""First aid kit"",""Safety card"",""Fire extinguisher"",Essentials,Hangers,Iron,""Laptop friendly workspace""}",4,1,Real Bed,moderate,1,NYC,f,100%,2017-06-07,Bedford-Stuyvesant,0,,11216,1,1,482.83Entire home/apt2017-06-07112160
19875244,630.99,Condominium,Entire home/apt,"{TV,""Cable TV"",""Wireless Internet"",""Air conditioning"",Kitchen,Breakfast,""Indoor fireplace"",""Buzzer/wireless intercom"",Heating,""Family/kid friendly"",Washer,Dryer,""Smoke detector"",""Carbon monoxide detector"",""Safety card"",""Fire extinguisher"",Essentials,Shampoo,Hangers,""Hair dryer"",Iron,""Laptop friendly workspace""}",6,2,Real Bed,flexible,1,Chicago,t,100%,2010-09-27,Lakeview,0,,60657,2,2,630.99Entire home/apt2010-09-27606570
12954602,465.4,Loft,Entire home/apt,"{Internet,""Wireless Internet"",""Free parking on premises"",Heating,""Family/kid friendly"",""Smoke detector"",""Carbon monoxide detector"",""First aid kit"",""Fire extinguisher"",Essentials,Shampoo,""24-hour check-in"",Hangers,""Hair dryer"",Iron,""Laptop friendly workspace"",""Self Check-In"",Lockbox}",3,1,Real Bed,moderate,1,LA,f,100%,2015-11-14,Westside,43,97.0,90064,0,2,465.4Entire home/apt2015-11-149006443
19118005,552.15,Apartment,Entire home/apt,"{TV,""Cable TV"",Internet,""Wireless Internet"",""Air conditioning"",Kitchen,""Buzzer/wireless intercom"",Heating}",2,1,Real Bed,strict,0,NYC,t,0%,2009-11-12,Alphabet City,11,93.0,10009,1,2,552.15Entire home/apt2009-11-121000911
16662334,400.73,House,Private room,"{""Wireless Internet"",Kitchen,Washer,Dryer,""Smoke detector"",""Carbon monoxide detector"",""First aid kit"",""Fire extinguisher"",Essentials,Hangers,""Hair dryer"",Iron,""Laptop friendly workspace"",""translation missing: en.hosting_amenity_49"",""translation missing: en.hosting_amenity_50""}",2,1,Real Bed,flexible,1,LA,t,100%,2014-09-20,Gardena,6,97.0,90249,1,1,400.73Private room2014-09-20902496
20049857,474.49,Apartment,Entire home/apt,"{TV,""Wireless Internet"",""Air conditioning"",Kitchen,Heating,""Smoke detector"",Essentials,Hangers,""Hair dryer"",""Laptop friendly workspace"",""translation missing: en.hosting_amenity_49"",""translation missing: en.hosting_amenity_50""}",2,1,Real Bed,moderate,1,LA,f,,2017-10-07,West Hollywood,0,,90046,1,1,474.49Entire home/apt2017-10-07900460
18157879,570.38,House,Entire home/apt,"{TV,""Wireless Internet"",""Air conditioning"",Kitchen,Breakfast,Heating,""Family/kid friendly"",Washer,Dryer,""Smoke detector"",""Carbon monoxide detector"",""First aid kit"",""Safety card"",""Fire extinguisher"",Essentials,Shampoo,""Lock on bedroom door"",Hangers,""Hair dryer"",Iron,""Laptop friendly workspace""}",7,2,Real Bed,strict,1,Chicago,t,,2016-01-20,Lincoln Park,9,98.0,60614,3,3,570.38Entire home/apt2016-01-20606149
17666136,538.91,Apartment,Entire home/apt,"{Internet,""Wireless Internet"",""Air conditioning"",Kitchen,""Buzzer/wireless intercom"",Heating,""Smoke detector"",""Carbon monoxide detector"",""First aid kit"",Essentials,Shampoo}",4,1,Real Bed,moderate,1,NYC,f,,2014-11-17,East Village,1,100.0,10003,2,3,538.91Entire home/apt2014-11-17100031
2135314,519.3,Loft,Entire home/apt,"{TV,""Cable TV"",Internet,""Wireless Internet"",""Air conditioning"",Kitchen,Doorman,Elevator,""Hot tub"",""Buzzer/wireless intercom"",Heating,Washer,Dryer,""Smoke detector"",""Carbon monoxide detector"",Essentials,Shampoo}",2,1,Real Bed,strict,0,NYC,f,,2015-07-09,East Village,3,87.0,10003,1,1,519.3Entire home/apt2015-07-09100033
5321584,717.01,House,Entire home/apt,"{TV,""Cable TV"",Internet,""Wireless Internet"",Kitchen,""Free parking on premises"",""Indoor fireplace"",Heating,""Family/kid friendly"",Washer,Dryer,""Smoke detector"",""Carbon monoxide detector"",""Safety card"",""Fire extinguisher"",Essentials,Shampoo,""24-hour check-in"",Hangers,""Hair dryer"",Iron,""Laptop friendly workspace""}",8,2,Real Bed,strict,1,SF,t,,2014-09-20,Hayes Valley,4,100.0,94102,4,5,717.01Entire home/apt2014-09-20941024
3710477,674.52,House,Entire home/apt,"{TV,""Cable TV"",""Wireless Internet"",""Air conditioning"",Kitchen,Heating,""Family/kid friendly"",""Smoke detector"",""Carbon monoxide detector"",""First aid kit"",""Safety card"",""Fire extinguisher"",Essentials,Shampoo,""Lock on bedroom door"",Hangers,""Hair dryer"",Iron,""Laptop friendly workspace"",""Self Check-In"",Lockbox,""Private entrance"",""Hot water"",""Bed linens"",""Extra pillows and blankets"",Microwave,""Coffee maker"",Refrigerator,""Dishes and silverware"",""Cooking basics"",Oven,Stove}",14,2,Real Bed,moderate,1,NYC,f,100%,2017-10-07,Astoria,0,,11103,6,8,674.52Entire home/apt2017-10-07111030
13978228,578.38,House,Entire home/apt,"{""Wireless Internet"",""Air conditioning"",Kitchen,""Free parking on premises"",""Smoking allowed"",""Pets allowed"",""Hot tub"",""Indoor fireplace"",Heating,""Family/kid friendly"",Washer,Dryer,""Smoke detector"",""First aid kit"",Essentials,Hangers,""Hair dryer"",""Laptop friendly workspace""}",4,3,Real Bed,flexible,0,LA,t,100%,2015-08-05,Mount Washington,0,,90065,2,2,578.38Entire home/apt2015-08-05900650
16028615,487.52,Apartment,Entire home/apt,"{TV,Internet,""Wireless Internet"",""Air conditioning"",""Wheelchair accessible"",Pool,Kitchen,Gym,""Elevator in building"",""Hot tub"",""Indoor fireplace"",Heating,""Family/kid friendly"",Washer,Dryer,""Smoke detector"",""Carbon monoxide detector"",""First aid kit"",""Safety card"",""Fire extinguisher"",Essentials,Shampoo,""Lock on bedroom door"",""24-hour check-in"",Hangers,""Hair dryer"",Iron,""Laptop friendly workspace""}",4,2,Real Bed,moderate,1,Chicago,t,100%,2016-09-02,Loop,1,100.0,60605,2,2,487.52Entire home/apt2016-09-02606051
15027031,548.06,Apartment,Entire home/apt,"{TV,""Cable TV"",Internet,""Wireless Internet"",""Air conditioning"",Kitchen,""Pets live on this property"",Cat(s),""Buzzer/wireless intercom"",Heating,""Family/kid friendly"",Washer,Dryer,Essentials,Shampoo,""24-hour check-in"",Hangers,""Hair dryer"",Iron,""Laptop friendly workspace""}",3,1,Real Bed,strict,1,NYC,t,100%,2014-09-20,Alphabet City,12,98.0,10009,1,2,548.06Entire home/apt2014-09-201000912
10842610,519.3,Apartment,Entire home/apt,"{""Wireless Internet"",Kitchen,""Free parking on premises"",""Pets allowed"",Heating,""Family/kid friendly"",""Smoke detector"",""Carbon monoxide detector"",""24-hour check-in"",Hangers,""Hair dryer"",Iron,""Laptop friendly workspace""}",6,1,Real Bed,flexible,1,NYC,t,100%,2012-07-07,The Rockaways,5,100.0,11692,3,3,519.3Entire home/apt2012-07-07116925
19245819,424.85,Apartment,Private room,"{Internet,""Wireless Internet"",Kitchen,""Pets live on this property"",Dog(s),Washer,Dryer,""Smoke detector"",""Fire extinguisher""}",1,1,Real Bed,moderate,0,SF,t,,2010-03-16,Mission District,12,90.0,94110,1,1,424.85Private room2010-03-169411012
7196412,366.36,Cabin,Private room,"{""Wireless Internet"",Kitchen,Washer,Dryer,""Smoke detector"",""First aid kit"",""Fire extinguisher"",Essentials,""Hair dryer"",""translation missing: en.hosting_amenity_49"",""translation missing: en.hosting_amenity_50""}",2,3,Real Bed,moderate,0,LA,f,100%,2016-09-10,Valley Glen,14,91.0,91606,1,1,366.36Private room2016-09-109160614
16333776,482.83,House,Private room,"{TV,""Cable TV"",Internet,""Wireless Internet"",Kitchen,""Free parking on premises"",""Pets live on this property"",Dog(s),""Indoor fireplace"",""Buzzer/wireless intercom"",Heating,Washer,Dryer,""Smoke detector"",""Carbon monoxide detector"",""First aid kit"",""Safety card"",""Fire extinguisher"",Essentials,Shampoo,""24-hour check-in"",Hangers,""Hair dryer"",Iron,""Laptop friendly workspace"",""translation missing: en.hosting_amenity_49"",""translation missing: en.hosting_amenity_50"",""Self Check-In"",Lockbox}",2,1,Real Bed,strict,1,SF,t,100%,2013-12-26,Richmond District,117,96.0,94118,1,1,482.83Private room2013-12-2694118117
16333777,482.83,House,Private room,"{TV,""Cable TV"",Internet,""Wireless Internet"",Kitchen,""Free parking on premises"",""Pets live on this property"",Dog(s),""Indoor fireplace"",""Buzzer/wireless intercom"",Heating,Washer,Dryer,""Smoke detector"",""Carbon monoxide detector"",""First aid kit"",""Safety card"",""Fire extinguisher"",Essentials,Shampoo,""24-hour check-in"",Hangers,""Hair dryer"",Iron,""Laptop friendly workspace"",""translation missing: en.hosting_amenity_49"",""translation missing: en.hosting_amenity_50"",""Self Check-In"",Lockbox}",2,1,Real Bed,strict,1,SF,t,100%,2013-12-26,Richmond District,117,96.0,94118,1,1,482.83Private room2013-12-2694118117
16333778,482.83,House,Private room,"{TV,""Cable TV"",Internet,""Wireless Internet"",Kitchen,""Free parking on premises"",""Pets live on this property"",Dog(s),""Indoor fireplace"",""Buzzer/wireless intercom"",Heating,Washer,Dryer,""Smoke detector"",""Carbon monoxide detector"",""First aid kit"",""Safety card"",""Fire extinguisher"",Essentials,Shampoo,""24-hour check-in"",Hangers,""Hair dryer"",Iron,""Laptop friendly workspace"",""translation missing: en.hosting_amenity_49"",""translation missing: en.hosting_amenity_50"",""Self Check-In"",Lockbox}",2,1,Real Bed,strict,1,SF,t,100%,2013-12-26,Richmond District,117,96.0,94118,1,1,482.83Private room2013-12-2694118117
16333779,482.83,House,Private room,"{TV,""Cable TV"",Internet,""Wireless Internet"",Kitchen,""Free parking on premises"",""Pets live on this property"",Dog(s),""Indoor fireplace"",""Buzzer/wireless intercom"",Heating,Washer,Dryer,""Smoke detector"",""Carbon monoxide detector"",""First aid kit"",""Safety card"",""Fire extinguisher"",Essentials,Shampoo,""24-hour check-in"",Hangers,""Hair dryer"",Iron,""Laptop friendly workspace"",""translation missing: en.hosting_amenity_49"",""translation missing: en.hosting_amenity_50"",""Self Check-In"",Lockbox}",2,1,Real Bed,strict,1,SF,t,100%,2013-12-26,Richmond District,117,96.0,94118,1,1,482.83Private room2013-12-2694118117
16333772,482.83,House,Private room,"{TV,""Cable TV"",Internet,""Wireless Internet"",Kitchen,""Free parking on premises"",""Pets live on this property"",Dog(s),""Indoor fireplace"",""Buzzer/wireless intercom"",Heating,Washer,Dryer,""Smoke detector"",""Carbon monoxide detector"",""First aid kit"",""Safety card"",""Fire extinguisher"",Essentials,Shampoo,""24-hour check-in"",Hangers,""Hair dryer"",Iron,""Laptop friendly workspace"",""translation missing: en.hosting_amenity_49"",""translation missing: en.hosting_amenity_50"",""Self Check-In"",Lockbox}",2,1,Real Bed,strict,1,SF,t,100%,2013-12-26,Richmond District,117,96.0,94118,1,1,482.83Private room2013-12-2694118117
12592005,524.7,Apartment,Entire home/apt,"{TV,""Wireless Internet"",""Air conditioning"",Kitchen,Heating,""Family/kid friendly"",Washer,Dryer,""Smoke detector"",""Safety card"",""Fire extinguisher"",Essentials,Shampoo,""Lock on bedroom door"",Hangers,""Hair dryer"",Iron}",4,1,Real Bed,moderate,1,NYC,f,90%,2017-07-06,Harlem,10,100.0,10039,1,2,524.7Entire home/apt2017-07-061003910
1174876,424.85,House,Private room,"{""Wireless Internet"",""Air conditioning"",""Pets live on this property"",Dog(s),Cat(s),Heating,""Smoke detector"",""Carbon monoxide detector"",""First aid kit"",Essentials,Shampoo,""24-hour check-in"",Hangers,""Hair dryer"",Iron,""Laptop friendly workspace"",""translation missing: en.hosting_amenity_49"",""translation missing: en.hosting_amenity_50""}",2,1,Real Bed,strict,0,NYC,t,100%,2015-06-10,Harlem,69,93.0,10027,1,1,424.85Private room2015-06-101002769
20888646,423.41,House,Private room,"{TV,""Wireless Internet"",""Air conditioning"",Kitchen,Heating,Washer,Dryer,""Smoke detector"",""Carbon monoxide detector"",""First aid kit"",""Fire extinguisher"",Essentials,Shampoo,""Lock on bedroom door"",Hangers,""Hair dryer"",Iron,""translation missing: en.hosting_amenity_49"",""translation missing: en.hosting_amenity_50"",""Private living room"",""Private entrance""}",2,1,Real Bed,flexible,1,LA,f,98%,2016-11-20,Canoga Park,4,100.0,91303,0,1,423.41Private room2016-11-20913034
1786412,448.86,Apartment,Private room,"{""Wireless Internet"",""Air conditioning"",Kitchen,Heating,""Suitable for events"",""Smoke detector"",""Carbon monoxide detector"",""First aid kit"",""Fire extinguisher"",Essentials,Shampoo,""Lock on bedroom door"",Hangers,""translation missing: en.hosting_amenity_49"",""translation missing: en.hosting_amenity_50""}",2,1,Real Bed,strict,1,NYC,t,93%,2010-05-11,Williamsburg,8,86.0,11211,1,1,448.86Private room2010-05-11112118
14575777,506.89,Villa,Private room,"{TV,Internet,""Wireless Internet"",""Air conditioning"",Kitchen,""Free parking on premises"",Essentials,Shampoo,""translation missing: en.hosting_amenity_49"",""translation missing: en.hosting_amenity_50""}",6,2,Real Bed,strict,1,LA,t,70%,2015-10-22,,2,100.0,90703,3,3,506.89Private room2015-10-22907032
20515889,720.79,Villa,Entire home/apt,"{TV,""Cable TV"",Internet,""Wireless Internet"",Kitchen,""Free parking on premises"",""Pets allowed"",""Elevator in building"",""Hot tub"",""Indoor fireplace"",Heating,""Family/kid friendly"",""Suitable for events"",Washer,Dryer,""Smoke detector"",""Carbon monoxide detector"",""First aid kit"",""Safety card"",""Fire extinguisher"",Essentials,Shampoo}",8,3,Real Bed,strict,1,LA,f,20%,2014-05-26,Topanga,0,,90265,3,4,720.79Entire home/apt2014-05-26902650
13783491,516.48,Villa,Private room,"{TV,""Cable TV"",Internet,""Wireless Internet"",""Air conditioning"",Pool,Kitchen,""Free parking on premises"",""Pets allowed"",""Hot tub"",""Indoor fireplace"",Heating,""Family/kid friendly"",Washer,Dryer,""Smoke detector"",""Carbon monoxide detector"",""Fire extinguisher"",Essentials,Shampoo,""Lock on bedroom door"",""24-hour check-in"",Hangers,""Hair dryer"",Iron,""Laptop friendly workspace""}",2,1,Real Bed,strict,1,LA,t,90%,2015-08-20,Hollywood Hills,1,100.0,90046,1,1,516.48Private room2015-08-20900461
10089727,594.02,Villa,Entire home/apt,"{""Air conditioning"",""Wheelchair accessible"",Pool,""Free parking on premises"",Gym,""Hot tub"",""Family/kid friendly"",Essentials,Shampoo}",6,1,Real Bed,strict,1,LA,f,100%,2015-06-06,,15,89.0,90265,3,4,594.02Entire home/apt2015-06-069026515
7939396,459.51,Villa,Entire home/apt,"{TV,""Cable TV"",Internet,""Wireless Internet"",Kitchen,""Pets allowed"",Heating,""Family/kid friendly"",Washer,Dryer,""Smoke detector"",""Carbon monoxide detector"",""Fire extinguisher"",""24-hour check-in"",Hangers,""Hair dryer""}",6,1,Real Bed,strict,1,LA,t,91%,2014-01-16,Long Beach,120,89.0,90803,2,3,459.51Entire home/apt2014-01-1690803120
6591755,529.33,Villa,Entire home/apt,"{TV,""Cable TV"",Internet,""Wireless Internet"",Kitchen,""Pets allowed"",""Pets live on this property"",""Buzzer/wireless intercom"",Heating,""Family/kid friendly"",Washer,Dryer,""Smoke detector"",""Carbon monoxide detector"",""Fire extinguisher"",Essentials,Hangers,""Hair dryer"",Iron,""Laptop friendly workspace""}",16,3,Real Bed,strict,1,LA,t,91%,2016-01-16,Long Beach,88,90.0,90803,4,6,529.33Entire home/apt2016-01-169080388
5203241,679.68,Villa,Entire home/apt,"{TV,""Cable TV"",Internet,""Wireless Internet"",""Air conditioning"",Pool,Kitchen,Gym,""Hot tub"",""Indoor fireplace"",Heating,""Family/kid friendly"",Washer,Dryer,""Smoke detector"",""Carbon monoxide detector"",""Fire extinguisher"",Essentials,Shampoo,""24-hour check-in"",Hangers,""Hair dryer"",Iron,""Laptop friendly workspace""}",6,2,Real Bed,strict,1,LA,t,100%,2017-08-17,Rancho Palos Verdes,1,100.0,90275,2,4,679.68Entire home/apt2017-08-17902751
11508891,633.51,Villa,Entire home/apt,"{TV,Internet,""Wireless Internet"",Kitchen,""Free parking on premises"",Heating,""Family/kid friendly"",Washer,Dryer,Essentials,""24-hour check-in"",""Laptop friendly workspace"",""Self Check-In"",Keypad}",10,2,Real Bed,strict,1,LA,t,94%,2015-08-12,Malibu,43,92.0,90265,2,2,633.51Entire home/apt2015-08-129026543
18823930,485.98,Villa,Entire home/apt,"{TV,Internet,""Wireless Internet"",Kitchen,""Free parking on premises"",""Smoking allowed"",""Pets allowed"",Heating,""Family/kid friendly"",Washer,Dryer,Essentials,""24-hour check-in"",Hangers,Iron,""Laptop friendly workspace""}",6,1,Real Bed,moderate,1,LA,t,90%,2013-12-06,Harbor Gateway,27,93.0,90501,2,2,485.98Entire home/apt2013-12-069050127
15523281,598.9,Villa,Entire home/apt,"{TV,""Cable TV"",Internet,""Wireless Internet"",Pool,Kitchen,""Free parking on premises"",Gym,Breakfast,""Hot tub"",""Indoor fireplace"",Heating,""Family/kid friendly"",Washer,Dryer,""Smoke detector"",""Carbon monoxide detector"",Essentials,Shampoo,""Lock on bedroom door"",Hangers,""Private entrance""}",4,1,Real Bed,strict,1,LA,f,100%,2014-05-20,,5,88.0,90704,1,2,598.9Entire home/apt2014-05-20907045
19698509,741.76,Villa,Entire home/apt,"{TV,""Cable TV"",Internet,""Wireless Internet"",""Air conditioning"",Kitchen,""Free parking on premises"",Heating,""Family/kid friendly"",Washer,Dryer,""Smoke detector"",""Carbon monoxide detector"",""First aid kit"",""Safety card"",""Fire extinguisher"",Essentials,Shampoo,Hangers,""Hair dryer"",Iron}",8,4,Real Bed,super_strict_60,1,LA,t,100%,2015-01-05,,0,,90277,4,4,741.76Entire home/apt2015-01-05902770
7834158,599.15,Villa,Entire home/apt,"{TV,""Cable TV"",Internet,""Wireless Internet"",Kitchen,""Free parking on premises"",""Indoor fireplace"",""Buzzer/wireless intercom"",Heating,""Family/kid friendly"",""Suitable for events"",Washer,Dryer,""Smoke detector"",Essentials,Shampoo,""24-hour check-in"",Hangers,""Hair dryer"",Iron,""Laptop friendly workspace""}",10,4,Real Bed,strict,1,LA,t,100%,2014-08-21,Redondo Beach,39,94.0,90278,4,5,599.15Entire home/apt2014-08-219027839
17764793,469.13,Villa,Private room,"{TV,""Cable TV"",Internet,""Wireless Internet"",""Air conditioning"",Pool,""Pets live on this property"",Dog(s),""Free parking on street"",""Hot tub"",Heating,""Family/kid friendly"",""Smoke detector"",""Carbon monoxide detector"",Essentials,Shampoo,""Lock on bedroom door"",Hangers,""Hair dryer"",Iron,""Laptop friendly workspace"",""translation missing: en.hosting_amenity_50""}",2,1,Real Bed,moderate,1,LA,t,100%,2012-11-02,Topanga,6,100.0,91364,1,1,469.13Private room2012-11-02913646
11136854,485.2,Villa,Entire home/apt,"{TV,Internet,""Wireless Internet"",""Air conditioning"",Kitchen,""Free parking on premises"",""Pets allowed"",Heating,""Family/kid friendly"",Washer,Dryer,""Smoke detector"",""Carbon monoxide detector"",""First aid kit"",""Fire extinguisher"",Essentials,Shampoo,Hangers,""Hair dryer"",Iron,""Laptop friendly workspace"",""Self Check-In"",""Doorman Entry""}",6,1,Real Bed,strict,1,LA,t,100%,2014-08-12,Temple City,28,96.0,91780,2,4,485.2Entire home/apt2014-08-129178028
13276443,470.05,House,Private room,"{""Cable TV"",Internet,""Wireless Internet"",""Air conditioning"",Kitchen,""Indoor fireplace"",Washer,""Smoke detector"",""Carbon monoxide detector"",""First aid kit"",Shampoo}",2,1,Real Bed,flexible,0,SF,t,,2013-05-15,Russian Hill,2,100.0,94109,1,1,470.05Private room2013-05-15941092
13207484,368.89,House,Shared room,"{TV,""Cable TV"",Internet,""Wireless Internet"",""Air conditioning"",Kitchen,""Smoking allowed"",""Pets allowed"",""Pets live on this property"",Dog(s),""Buzzer/wireless intercom"",Heating,""Family/kid friendly"",""Suitable for events"",Washer,""Smoke detector"",""Carbon monoxide detector"",""First aid kit"",""Fire extinguisher"",Essentials,Shampoo,""24-hour check-in"",Hangers,""Hair dryer"",Iron,""Laptop friendly workspace""}",4,1,Couch,strict,1,LA,t,25%,2016-12-05,Hollywood,0,,90028,1,1,368.89Shared room2016-12-05900280
7837072,336.73,House,Private room,"{Internet,""Wireless Internet"",""Air conditioning"",Kitchen,""Free parking on premises"",""Indoor fireplace"",Heating,Washer,Dryer,""Smoke detector"",""Carbon monoxide detector"",""Fire extinguisher"",Essentials,Shampoo,Hangers,""Hair dryer"",Iron,""Laptop friendly workspace"",""translation missing: en.hosting_amenity_49"",""translation missing: en.hosting_amenity_50""}",2,1,Real Bed,moderate,0,LA,f,98%,2017-07-02,,0,,91770,1,1,336.73Private room2017-07-02917700
7823396,417.44,House,Private room,"{TV,""Cable TV"",""Wireless Internet"",""Air conditioning"",Heating,""Family/kid friendly"",""Smoke detector"",""Carbon monoxide detector"",Essentials,Hangers,""Hair dryer"",Iron,""Laptop friendly workspace"",""Private entrance"",""Hot water"",""Bed linens"",""Extra pillows and blankets"",""Ethernet connection"",Microwave,""Coffee maker"",Refrigerator,""Dishes and silverware"",""Long term stays allowed"",""Wide doorway"",""Flat, smooth pathway to front door"",""Well-lit path to entrance"",""Step-free access"",""Wide clearance to bed"",""Step-free access"",""Wide entryway""}",2,1,Real Bed,moderate,1,NYC,f,100%,2015-05-27,Richmond Hill,74,96.0,11419,1,1,417.44Private room2015-05-271141974
8889145,539.36,House,Entire home/apt,"{TV,""Wireless Internet"",""Air conditioning"",Kitchen,""Free parking on premises"",""Indoor fireplace"",Heating,""Family/kid friendly"",Washer,Dryer,""Smoke detector"",Essentials}",4,2,Real Bed,moderate,1,LA,t,,2012-01-06,Studio City,0,,91604,2,2,539.36Entire home/apt2012-01-06916040
7966742,423.41,House,Private room,"{Internet,""Wireless Internet"",""Air conditioning"",Kitchen,""Free parking on premises"",""Indoor fireplace"",Heating,Washer,Dryer,""Smoke detector"",""First aid kit"",""Fire extinguisher"",Essentials,Shampoo,""Lock on bedroom door"",Hangers,""Hair dryer"",Iron,""Laptop friendly workspace"",""translation missing: en.hosting_amenity_49"",""translation missing: en.hosting_amenity_50""}",2,1,Real Bed,strict,1,NYC,t,100%,2012-06-27,Bedford-Stuyvesant,18,89.0,11221,1,1,423.41Private room2012-06-271122118
257568,389.18,House,Private room,"{TV,Internet,""Wireless Internet"",""Air conditioning"",Kitchen,""Buzzer/wireless intercom"",Heating,""Smoke detector"",""Carbon monoxide detector"",""First aid kit"",""Fire extinguisher"",Essentials,Shampoo,""Lock on bedroom door"",""24-hour check-in"",Hangers,""Hair dryer"",Iron,""Laptop friendly workspace"",""translation missing: en.hosting_amenity_49"",""translation missing: en.hosting_amenity_50"",""Self Check-In"",Keypad}",3,1,Real Bed,strict,1,NYC,t,100%,2013-04-20,Astoria,246,90.0,11106,1,1,389.18Private room2013-04-2011106246
13667633,541.61,House,Entire home/apt,"{TV,""Cable TV"",Internet,""Wireless Internet"",Kitchen,""Free parking on premises"",""Pets live on this property"",Dog(s),Heating,""Family/kid friendly"",""Suitable for events"",Washer,Dryer,""Smoke detector"",""Carbon monoxide detector"",""First aid kit"",""Safety card"",""Fire extinguisher"",Essentials,Shampoo}",5,2,Real Bed,flexible,1,LA,t,100%,2015-05-08,Westchester/Playa Del Rey,8,94.0,90045,2,2,541.61Entire home/apt2015-05-08900458
590903,662.01,House,Entire home/apt,"{TV,""Cable TV"",Internet,""Wireless Internet"",""Air conditioning"",Pool,Kitchen,""Free parking on premises"",""Indoor fireplace"",Heating,""Family/kid friendly"",Washer,Dryer,""Smoke detector"",""Carbon monoxide detector"",Essentials,Shampoo,Hangers,""Hair dryer"",Iron,""Laptop friendly workspace"",""Self Check-In"",Lockbox,""Private entrance""}",6,2,Real Bed,moderate,1,LA,t,100%,2015-03-01,Mid-Wilshire,2,100.0,90048,3,3,662.01Entire home/apt2015-03-01900482
19161964,391.2,House,Private room,"{Internet,""Wireless Internet"",""Air conditioning"",""Free parking on premises"",""Hot tub"",""Family/kid friendly"",Washer,Dryer,""Smoke detector"",""Carbon monoxide detector"",""First aid kit"",Shampoo,""Hair dryer"",Iron}",1,1,Real Bed,flexible,1,LA,f,,2016-07-14,,0,,90650,1,1,391.2Private room2016-07-14906500
17840858,529.83,House,Private room,"{""Cable TV"",Internet,""Wireless Internet"",""Air conditioning"",Pool,""Hot tub"",Heating,""Smoke detector"",Essentials}",2,1,Real Bed,moderate,1,LA,f,,2015-03-10,Mid-Wilshire,0,,90048,1,1,529.83Private room2015-03-10900480
19475815,470.05,House,Private room,"{TV,Internet,""Wireless Internet"",""Air conditioning"",Kitchen,""Pets allowed"",Breakfast,Heating,Essentials,Shampoo,""Lock on bedroom door"",Hangers,""Hair dryer"",Iron,""Laptop friendly workspace"",""translation missing: en.hosting_amenity_49"",""translation missing: en.hosting_amenity_50"",""Private living room""}",2,1,Real Bed,moderate,1,NYC,t,60%,2015-11-14,Astoria,4,93.0,11106,1,1,470.05Private room2015-11-14111064
1407841,412.71,House,Private room,"{TV,""Wireless Internet"",""Air conditioning"",Kitchen,""Free parking on premises"",Breakfast,""Indoor fireplace"",Heating,Washer,Dryer,""Smoke detector"",""Carbon monoxide detector"",""First aid kit"",""Safety card"",""Fire extinguisher"",Essentials,Shampoo,""Lock on bedroom door"",Hangers,""Hair dryer"",Iron,""Laptop friendly workspace"",""translation missing: en.hosting_amenity_49"",""translation missing: en.hosting_amenity_50""}",2,1,Real Bed,moderate,1,LA,t,100%,2016-05-27,Mar Vista,18,99.0,90066,1,1,412.71Private room2016-05-279006618
3585452,380.67,House,Private room,"{TV,Internet,""Wireless Internet"",""Air conditioning"",Kitchen,""Free parking on premises"",Heating,Washer,Dryer,""Smoke detector"",""Carbon monoxide detector"",""Fire extinguisher"",Essentials}",1,1,Real Bed,flexible,0,LA,t,,2015-03-06,Reseda,3,100.0,91335,1,1,380.67Private room2015-03-06913353
1535628,407.75,House,Private room,"{""Wireless Internet"",Kitchen,""Pets live on this property"",Dog(s),Heating,Washer,Dryer,""Smoke detector"",""Carbon monoxide detector"",Essentials,Hangers,""translation missing: en.hosting_amenity_49"",""translation missing: en.hosting_amenity_50""}",2,2,Real Bed,moderate,1,NYC,f,100%,2016-03-10,Hunts Point,4,100.0,10474,1,1,407.75Private room2016-03-10104744
6888244,501.06,House,Private room,"{TV,""Wireless Internet"",""Air conditioning"",Pool,Kitchen,""Pets allowed"",Heating,""Family/kid friendly"",Washer,Dryer,""Smoke detector"",""Fire extinguisher"",Essentials,Shampoo,""Lock on bedroom door"",Hangers,""Hair dryer"",Iron,""Laptop friendly workspace"",""Self Check-In"",Lockbox,""Bed linens"",""Extra pillows and blankets""}",2,2,Real Bed,strict,1,NYC,t,100%,2011-03-25,Carroll Gardens,8,83.0,11231,1,1,501.06Private room2011-03-25112318
15073872,474.49,House,Private room,"{TV,""Cable TV"",Internet,""Wireless Internet"",""Air conditioning"",Kitchen,""Free parking on premises"",""Smoking allowed"",""Pets allowed"",Gym,""Pets live on this property"",Dog(s),Cat(s),Heating,""Family/kid friendly"",""Smoke detector"",""Carbon monoxide detector"",""First aid kit"",""Safety card"",""Fire extinguisher"",Essentials,Shampoo,""Lock on bedroom door"",""24-hour check-in"",Hangers,""Hair dryer"",Iron,""Laptop friendly workspace""}",4,1,Real Bed,flexible,0,LA,t,100%,2013-03-06,Studio City,6,100.0,91604,1,1,474.49Private room2013-03-06916046
10174146,695.65,House,Entire home/apt,"{TV,Internet,""Wireless Internet"",""Air conditioning"",Pool,Kitchen,""Free parking on premises"",""Hot tub"",""Indoor fireplace"",Heating,""Family/kid friendly"",""Suitable for events"",Washer,Dryer,""Smoke detector"",""Carbon monoxide detector"",""First aid kit"",""Fire extinguisher"",Shampoo}",9,4,Real Bed,moderate,1,LA,t,83%,2015-08-09,,1,100.0,90048,5,5,695.65Entire home/apt2015-08-09900481
12600300,424.85,House,Private room,"{""Wireless Internet"",""Air conditioning"",Kitchen,Heating,""Family/kid friendly"",Washer,Dryer,""Smoke detector"",""Carbon monoxide detector"",Essentials,Shampoo,Hangers,""Hair dryer"",""Laptop friendly workspace"",""translation missing: en.hosting_amenity_50"",""Self Check-In"",Keypad}",4,2,Real Bed,strict,1,NYC,f,99%,2017-05-06,Flushing,12,93.0,11355,1,2,424.85Private room2017-05-061135512
62427,667.83,Villa,Entire home/apt,"{TV,""Cable TV"",Internet,""Wireless Internet"",""Air conditioning"",Pool,Kitchen,""Free parking on premises"",Gym,""Indoor fireplace"",Heating,""Family/kid friendly"",""Suitable for events"",Washer,Dryer,""Smoke detector"",""Carbon monoxide detector"",""First aid kit"",""Fire extinguisher"",Essentials,Shampoo,""24-hour check-in"",Hangers,""Hair dryer"",Iron,""Laptop friendly workspace"",""Self Check-In"",""Doorman Entry""}",12,4,Real Bed,strict,1,LA,t,100%,2011-09-28,Topanga,32,99.0,90290,4,4,667.83Entire home/apt2011-09-289029032
5447656,417.44,House,Private room,"{TV,""Cable TV"",""Wireless Internet"",""Air conditioning"",Kitchen,""Indoor fireplace"",Heating,""Family/kid friendly"",Washer,Dryer,""Smoke detector"",""Carbon monoxide detector"",Essentials,Hangers,""Hair dryer"",Iron}",2,1,Real Bed,flexible,1,DC,t,100%,2011-03-25,Logan Circle,7,97.0,20005,1,1,417.44Private room2011-03-25200057
2974433,529.33,House,Entire home/apt,"{TV,""Cable TV"",Internet,""Wireless Internet"",Kitchen,""Free parking on premises"",""Hot tub"",Heating,""Family/kid friendly"",""Suitable for events"",""Smoke detector"",""Carbon monoxide detector"",""First aid kit"",""Fire extinguisher"",Essentials,Shampoo}",4,1,Real Bed,strict,0,LA,t,100%,2011-11-28,Long Beach,109,97.0,90803,1,1,529.33Entire home/apt2011-11-2890803109
17010314,430.41,House,Private room,"{""Wireless Internet"",""Air conditioning"",Pool,Kitchen,""Free parking on premises"",""Pets allowed"",""Pets live on this property"",Dog(s),Cat(s),""Other pet(s)"",Heating,""Family/kid friendly"",Washer,""Smoke detector"",""Carbon monoxide detector"",""First aid kit"",""Fire extinguisher"",Essentials,Shampoo,""24-hour check-in"",Hangers,""Hair dryer"",""Laptop friendly workspace"",""translation missing: en.hosting_amenity_50""}",2,1,Real Bed,moderate,1,LA,t,100%,2013-03-06,,33,99.0,91506,1,1,430.41Private room2013-03-069150633
20167264,385.01,House,Private room,"{Internet,""Wireless Internet"",""Air conditioning"",Kitchen,""Free parking on premises"",Breakfast,Heating,Washer,Dryer,""Smoke detector"",""Carbon monoxide detector"",Essentials,Shampoo,""translation missing: en.hosting_amenity_49"",""translation missing: en.hosting_amenity_50""}",1,1,Real Bed,flexible,1,Boston,t,100%,2013-03-06,Dorchester,220,98.0,2125,1,1,385.01Private room2013-03-062125220
20257960,478.75,House,Private room,"{Internet,""Wireless Internet"",""Air conditioning"",Kitchen,""Family/kid friendly"",Washer,Dryer,""Smoke detector"",""First aid kit"",""Fire extinguisher""}",2,1,Real Bed,flexible,0,LA,t,,2013-03-06,Mid-Wilshire,0,,90035,1,1,478.75Private room2013-03-06900350
4156913,570.38,House,Entire home/apt,"{TV,""Wireless Internet"",""Air conditioning"",Kitchen,""Free parking on premises"",""Pets allowed"",Heating,""Family/kid friendly"",""Suitable for events"",Washer,Dryer,""Smoke detector"",""Carbon monoxide detector"",""First aid kit"",""Safety card"",""Fire extinguisher"",Essentials,Hangers,""Hair dryer"",""Laptop friendly workspace""}",6,2,Real Bed,moderate,1,NYC,f,100%,2016-05-30,The Rockaways,2,100.0,11509,4,5,570.38Entire home/apt2016-05-30115092
8881130,448.86,House,Entire home/apt,"{TV,Internet,""Wireless Internet"",""Air conditioning"",Kitchen,""Free parking on premises"",""Pets allowed"",""Pets live on this property"",Heating,""Family/kid friendly"",Dryer,""Smoke detector"",""Carbon monoxide detector"",""First aid kit"",""Fire extinguisher"",Essentials,Shampoo,""Hair dryer"",Iron}",2,1,Real Bed,strict,1,LA,t,100%,2011-03-25,Woodland Hills/Warner Center,17,98.0,91364,1,1,448.86Entire home/apt2011-03-259136417
11993790,602.83,House,Entire home/apt,"{TV,""Wireless Internet"",""Air conditioning"",Kitchen,Breakfast,""Indoor fireplace"",Heating,""Family/kid friendly"",Washer,Dryer,""Smoke detector"",""Carbon monoxide detector"",""First aid kit"",""Safety card"",""Fire extinguisher"",Essentials,Shampoo,""Lock on bedroom door"",Hangers,""Hair dryer"",Iron,""Laptop friendly workspace"",""translation missing: en.hosting_amenity_50"",""Private entrance"",""Children��s books and toys"",""Fireplace guards"",Microwave,""Coffee maker"",Refrigerator,Dishwasher,""Dishes and silverware"",""Cooking basics"",Oven,Stove}",7,2,Real Bed,strict,1,NYC,f,100%,2017-05-06,Windsor Terrace,0,,11218,5,5,602.83Entire home/apt2017-05-06112180
10989476,455.39,House,Private room,"{TV,""Cable TV"",Internet,""Wireless Internet"",Kitchen,Heating,Washer,Dryer,""Smoke detector"",""Carbon monoxide detector"",""First aid kit"",Essentials,Shampoo,""24-hour check-in"",Hangers,""Laptop friendly workspace"",""translation missing: en.hosting_amenity_49"",""translation missing: en.hosting_amenity_50"",""Hot water"",""Bed linens""}",2,1,Real Bed,moderate,1,SF,t,100%,2013-04-20,Bernal Heights,28,98.0,94110,1,1,455.39Private room2013-04-209411028
2444713,506.89,House,Entire home/apt,"{TV,Internet,""Wireless Internet"",""Air conditioning"",Kitchen,Heating,""Smoke detector"",""Carbon monoxide detector"",""First aid kit"",""Fire extinguisher"",Essentials,Shampoo,""24-hour check-in"",Hangers,""Hair dryer"",Iron,""Laptop friendly workspace"",""translation missing: en.hosting_amenity_50""}",2,1,Real Bed,moderate,1,LA,t,100%,2014-06-20,Echo Park,117,98.0,90039,0,1,506.89Entire home/apt2014-06-2090039117
19947454,459.51,Apartment,Private room,"{TV,Internet,""Wireless Internet"",Kitchen,""Free parking on premises"",""Hot tub"",Heating,Washer,Dryer,""Smoke detector"",""Carbon monoxide detector"",Essentials,Shampoo,Hangers,""Hair dryer"",Iron,""Laptop friendly workspace"",""translation missing: en.hosting_amenity_49"",""translation missing: en.hosting_amenity_50""}",2,1,Real Bed,flexible,1,LA,t,100%,2014-04-14,Westwood,10,98.0,90024,1,1,459.51Private room2014-04-149002410
13653016,417.44,Other,Private room,"{TV,Internet,""Wireless Internet"",""Air conditioning"",""Smoking allowed"",Heating,""Family/kid friendly"",""Smoke detector"",""Carbon monoxide detector"",""First aid kit"",""Safety card"",""Fire extinguisher"",""24-hour check-in""}",3,1,Real Bed,strict,0,LA,f,100%,2016-11-28,,1,20.0,90731,1,1,417.44Private room2016-11-28907311
20942873,480.4,Condominium,Private room,"{TV,""Cable TV"",Internet,""Wireless Internet"",Kitchen,""Free parking on premises"",""Indoor fireplace"",Heating,Washer,Dryer,""Smoke detector"",""Carbon monoxide detector"",Essentials,Shampoo,""Lock on bedroom door"",Hangers,""Hair dryer"",""translation missing: en.hosting_amenity_49"",""translation missing: en.hosting_amenity_50"",""Self Check-In"",Lockbox}",2,1,Real Bed,flexible,0,LA,t,80%,2013-09-13,Santa Monica,28,96.0,90405,1,1,480.4Private room2013-09-139040528
19583726,552.15,Condominium,Entire home/apt,"{TV,Internet,""Wireless Internet"",""Air conditioning"",Kitchen,""Buzzer/wireless intercom"",Heating,Washer,Dryer,""Smoke detector"",""Carbon monoxide detector"",""Fire extinguisher"",Essentials,Shampoo,""24-hour check-in"",Hangers,""Hair dryer"",Iron,""Laptop friendly workspace"",""translation missing: en.hosting_amenity_49"",""translation missing: en.hosting_amenity_50""}",4,2,Real Bed,moderate,0,Boston,f,,2015-06-08,South Boston,15,97.0,2127,2,2,552.15Entire home/apt2015-06-08212715
17196103,482.83,Apartment,Entire home/apt,"{TV,""Cable TV"",Internet,""Wireless Internet"",""Air conditioning"",Kitchen,""Free parking on premises"",""Elevator in building"",""Indoor fireplace"",""Buzzer/wireless intercom"",Heating,Washer,Dryer,Essentials,Shampoo,""24-hour check-in"",Hangers,""Hair dryer"",Iron,""Laptop friendly workspace""}",4,1,Real Bed,moderate,1,LA,t,89%,2009-12-25,Marina Del Rey,11,91.0,90292,1,1,482.83Entire home/apt2009-12-259029211
9318115,680.13,House,Entire home/apt,"{Internet,""Wireless Internet"",Kitchen,""Free parking on premises"",""Pets allowed"",""Indoor fireplace"",Heating,""Family/kid friendly"",Washer,""Smoke detector"",""Carbon monoxide detector"",""First aid kit"",Essentials,Shampoo,Hangers,""Hair dryer"",""Laptop friendly workspace"",""Private entrance""}",5,1,Real Bed,strict,1,LA,f,100%,2016-06-13,Malibu,0,,90265,3,3,680.13Entire home/apt2016-06-13902650
9937434,497.67,Apartment,Entire home/apt,"{TV,""Wireless Internet"",""Air conditioning"",Heating,""Family/kid friendly"",Washer,Dryer,""Smoke detector"",""Carbon monoxide detector"",Essentials,Shampoo,""Lock on bedroom door"",Hangers,""Hair dryer"",Iron,""translation missing: en.hosting_amenity_50"",""Self Check-In"",Keypad}",2,1,Real Bed,strict,1,LA,t,100%,2016-03-23,Hermosa Beach,1,60.0,90254,0,1,497.67Entire home/apt2016-03-23902541
4454031,685.65,House,Entire home/apt,"{TV,Internet,""Wireless Internet"",Kitchen,""Free parking on premises"",""Pets live on this property"",""Other pet(s)"",Heating,""Family/kid friendly"",Washer,Dryer,""Smoke detector"",""Carbon monoxide detector"",Essentials,Shampoo,""Hair dryer""}",6,2,Real Bed,moderate,1,LA,t,100%,2014-10-08,,6,100.0,90266,4,4,685.65Entire home/apt2014-10-08902666
16259866,361.09,House,Private room,"{""Wireless Internet"",""Air conditioning"",Kitchen,Heating,""Family/kid friendly"",""Smoke detector"",""Carbon monoxide detector"",""First aid kit"",""Fire extinguisher"",Essentials,""Lock on bedroom door"",Hangers,""Laptop friendly workspace"",""translation missing: en.hosting_amenity_50""}",2,1,Real Bed,flexible,0,NYC,f,100%,2016-01-11,East New York,14,85.0,11208,1,1,361.09Private room2016-01-111120814
20282225,507.52,Apartment,Private room,"{Internet,""Wireless Internet"",""Air conditioning"",Kitchen,Heating,Washer,Dryer,""Smoke detector"",""Carbon monoxide detector"",""Fire extinguisher"",Essentials,Shampoo,Hangers,""Hair dryer"",""Laptop friendly workspace""}",2,1,Real Bed,moderate,1,Boston,f,100%,2014-07-14,Dorchester,1,100.0,2125,1,1,507.52Private room2014-07-1421251
23269,519.3,Condominium,Entire home/apt,"{TV,Internet,""Wireless Internet"",""Air conditioning"",""Wheelchair accessible"",Kitchen,""Free parking on premises"",Gym,""Pets live on this property"",""Elevator in building"",Heating,""Family/kid friendly"",Washer,Dryer,""Smoke detector"",""Carbon monoxide detector"",Shampoo,Hangers,""Hair dryer"",Iron,""Laptop friendly workspace""}",6,2,Real Bed,moderate,1,LA,t,100%,2015-11-29,,10,100.0,90802,2,2,519.3Entire home/apt2015-11-299080210
18073864,482.83,Apartment,Entire home/apt,"{TV,""Cable TV"",Internet,""Wireless Internet"",""Air conditioning"",Pool,Kitchen,""Free parking on premises"",Gym,""Hot tub"",Heating,""Family/kid friendly"",Washer,Dryer,Essentials,Shampoo,""24-hour check-in"",Hangers,""Hair dryer"",""translation missing: en.hosting_amenity_50""}",4,2,Real Bed,flexible,1,LA,t,100%,2012-09-27,,10,90.0,91302,2,2,482.83Entire home/apt2012-09-279130210
14236545,490.53,Apartment,Private room,"{""Wireless Internet"",Heating,""Smoke detector"",""Carbon monoxide detector"",""First aid kit"",""Safety card"",""Fire extinguisher"",Essentials,Shampoo,Hangers,""translation missing: en.hosting_amenity_49"",""translation missing: en.hosting_amenity_50""}",2,1,Real Bed,strict,1,Boston,t,100%,2014-12-23,Dorchester,7,83.0,2125,1,1,490.53Private room2014-12-2321257
15409556,355.53,House,Private room,"{""Family/kid friendly"",""Smoke detector""}",2,1,Real Bed,strict,1,LA,t,100%,2015-12-14,Hawthorne,5,92.0,90250,1,1,355.53Private room2015-12-14902505
7637363,661.87,House,Entire home/apt,"{TV,""Wireless Internet"",Pool,Kitchen,""Free parking on premises"",""Hot tub"",""Indoor fireplace"",Heating,""Family/kid friendly"",Washer,Dryer,""Smoke detector"",""Carbon monoxide detector"",Essentials,Shampoo,Hangers,""Hair dryer"",Iron,""translation missing: en.hosting_amenity_50""}",8,3,Real Bed,strict,1,LA,t,100%,2014-01-12,Manhattan Beach,5,96.0,90266,4,4,661.87Entire home/apt2014-01-12902665
6391342,417.44,House,Private room,"{TV,""Cable TV"",Internet,""Wireless Internet"",""Air conditioning"",Kitchen,""Free parking on premises"",Breakfast,""Indoor fireplace"",""Buzzer/wireless intercom"",Heating,Washer,Dryer,""Smoke detector"",""First aid kit"",""Fire extinguisher"",Essentials,Shampoo,""24-hour check-in"",Iron}",2,1,Real Bed,strict,1,LA,f,100%,2014-06-24,Westlake,36,96.0,90005,1,1,417.44Private room2014-06-249000536
11606802,455.39,House,Entire home/apt,"{TV,""Cable TV"",Internet,""Wireless Internet"",""Air conditioning"",Kitchen,""Free parking on premises"",""Pets allowed"",Breakfast,Heating,""Family/kid friendly"",Washer,Dryer,""Smoke detector"",""Carbon monoxide detector"",""First aid kit"",""Safety card"",""Fire extinguisher"",Essentials,Shampoo,""24-hour check-in"",Hangers,""Hair dryer"",Iron,""Laptop friendly workspace"",""Private entrance""}",5,1,Real Bed,moderate,1,LA,t,100%,2016-06-22,Westlake,45,97.0,90015,1,2,455.39Entire home/apt2016-06-229001545
12289125,486.75,House,Entire home/apt,"{TV,Internet,""Wireless Internet"",""Air conditioning"",Kitchen,Breakfast,""Indoor fireplace"",""Buzzer/wireless intercom"",Heating,""Smoke detector"",""Carbon monoxide detector"",""Fire extinguisher"",Essentials,Shampoo,Hangers,Iron,""Laptop friendly workspace"",""translation missing: en.hosting_amenity_49"",""translation missing: en.hosting_amenity_50""}",6,2,Real Bed,strict,1,LA,t,80%,2014-02-02,Westlake,31,95.0,90057,2,4,486.75Entire home/apt2014-02-029005731
14320263,321.89,House,Shared room,"{TV,""Wireless Internet"",""Air conditioning"",Kitchen,Heating,""Smoke detector"",""Carbon monoxide detector"",Essentials,Shampoo,Hangers,""Hair dryer"",Iron,""Laptop friendly workspace"",""translation missing: en.hosting_amenity_49"",""translation missing: en.hosting_amenity_50""}",1,2,Real Bed,strict,1,LA,f,100%,2016-03-27,Westlake,0,,90005,1,1,321.89Shared room2016-03-27900050
392794,270.81,House,Shared room,"{TV,""Cable TV"",Internet,""Wireless Internet"",""Air conditioning"",Kitchen,Heating,Washer,Dryer,""Smoke detector"",""Carbon monoxide detector"",""First aid kit"",""Safety card"",""Fire extinguisher"",Essentials,Shampoo,""Lock on bedroom door"",Hangers,""Hair dryer"",Iron,""Laptop friendly workspace"",""translation missing: en.hosting_amenity_49"",""translation missing: en.hosting_amenity_50""}",4,1,Real Bed,strict,0,LA,t,99%,2016-03-27,Westlake,35,85.0,90006,1,10,270.81Shared room2016-03-279000635
6692191,423.41,House,Private room,"{TV,Internet,""Wireless Internet"",""Air conditioning"",Kitchen,""Free parking on premises"",Breakfast,Heating,Washer,Dryer,""Smoke detector"",""Carbon monoxide detector"",""First aid kit"",""Safety card"",""Fire extinguisher"",Essentials,Shampoo,""Lock on bedroom door"",""24-hour check-in"",Hangers,""Hair dryer"",Iron,""Laptop friendly workspace"",""translation missing: en.hosting_amenity_49"",""translation missing: en.hosting_amenity_50""}",1,2,Real Bed,flexible,0,LA,t,100%,2013-09-13,Westlake,9,100.0,90015,1,1,423.41Private room2013-09-13900159
5321538,674.52,Townhouse,Entire home/apt,"{TV,""Cable TV"",Internet,""Wireless Internet"",""Air conditioning"",Kitchen,""Indoor fireplace"",""Smoke detector"",""Carbon monoxide detector"",""translation missing: en.hosting_amenity_49"",""translation missing: en.hosting_amenity_50""}",8,1,Real Bed,flexible,1,NYC,f,100%,2013-09-13,Harlem,0,,10027,0,1,674.52Entire home/apt2013-09-13100270
17497415,404.31,Apartment,Shared room,"{""Wireless Internet"",Kitchen,Elevator,""Family/kid friendly"",""Smoke detector"",Essentials,Shampoo,""Hair dryer"",Iron,""translation missing: en.hosting_amenity_50""}",2,1,Real Bed,flexible,1,NYC,t,22%,2016-10-08,Harlem,6,84.0,10027,1,1,404.31Shared room2016-10-08100276
992786,474.49,Apartment,Entire home/apt,"{TV,Internet,""Wireless Internet"",""Air conditioning"",Kitchen,""Pets allowed"",""Pets live on this property"",Dog(s),""Buzzer/wireless intercom"",Heating,""Smoke detector"",""First aid kit"",""Safety card"",Essentials,Shampoo,""24-hour check-in"",Hangers,Iron,""Laptop friendly workspace"",""translation missing: en.hosting_amenity_49"",""translation missing: en.hosting_amenity_50""}",2,1,Real Bed,moderate,1,NYC,t,67%,2012-02-04,Harlem,21,96.0,10035,1,1,474.49Entire home/apt2012-02-041003521
13650177,438.2,Apartment,Private room,"{TV,""Cable TV"",Internet,""Wireless Internet"",""Air conditioning"",""Wheelchair accessible"",Kitchen,Elevator,Heating,""Family/kid friendly"",Washer,Dryer,""Smoke detector"",""First aid kit"",""Fire extinguisher"",Essentials,Hangers,Iron,""Laptop friendly workspace"",""Hot water"",""Bed linens"",Microwave,""Coffee maker"",Refrigerator,""Dishes and silverware"",""Cooking basics"",Oven,Stove}",2,1,Real Bed,strict,1,NYC,t,100%,2015-07-04,Harlem,2,100.0,10030,1,1,438.2Private room2015-07-04100302
5792141,486.75,Apartment,Entire home/apt,"{TV,Internet,""Wireless Internet"",""Air conditioning"",Kitchen,""Buzzer/wireless intercom"",Heating,""Family/kid friendly"",""Smoke detector"",Hangers,""Hair dryer"",Iron}",4,1,Real Bed,strict,1,NYC,t,80%,2010-12-03,Harlem,85,90.0,10027,1,2,486.75Entire home/apt2010-12-031002785
6390069,570.38,Apartment,Entire home/apt,"{TV,""Wireless Internet"",Kitchen,""Buzzer/wireless intercom"",Heating,""Family/kid friendly"",""Smoke detector"",""Carbon monoxide detector"",Essentials,""Laptop friendly workspace""}",4,1,Real Bed,moderate,1,NYC,t,,2011-01-17,Harlem,0,,10027,2,3,570.38Entire home/apt2011-01-17100270
8579757,501.06,Condominium,Entire home/apt,"{TV,""Wireless Internet"",""Air conditioning"",Kitchen,Elevator,Heating,""Family/kid friendly"",""Suitable for events"",""Smoke detector"",""Carbon monoxide detector"",""First aid kit"",Essentials,Shampoo,""Lock on bedroom door"",Hangers,""Hair dryer"",Iron}",5,1,Real Bed,moderate,0,NYC,f,93%,2017-01-05,Harlem,2,90.0,10039,2,3,501.06Entire home/apt2017-01-05100392
14115855,448.86,Apartment,Private room,"{TV,""Wireless Internet"",Kitchen,Washer,Dryer,""Smoke detector"",Essentials,Hangers,""Hair dryer"",Iron,""Laptop friendly workspace"",""Hot water"",""Bed linens"",""Extra pillows and blankets""}",2,1,Real Bed,moderate,0,NYC,f,100%,2013-08-10,Harlem,8,100.0,10031,1,1,448.86Private room2013-08-10100318
685364,478.75,Apartment,Entire home/apt,"{Internet,""Wireless Internet"",""Air conditioning"",Kitchen,""Hot tub"",""Buzzer/wireless intercom"",Heating}",3,1,Real Bed,moderate,0,NYC,t,100%,2012-05-12,Harlem,7,100.0,10035,1,1,478.75Entire home/apt2012-05-12100357
20031027,409.43,Apartment,Private room,"{TV,""Wireless Internet"",""Air conditioning"",Kitchen,""Smoking allowed"",""Pets allowed"",Heating,""Smoke detector"",""Carbon monoxide detector"",Essentials,""Lock on bedroom door"",Hangers,Iron,""Laptop friendly workspace"",""Private living room""}",2,1,Real Bed,flexible,1,NYC,f,100%,2014-12-16,Harlem,4,100.0,10030,1,1,409.43Private room2014-12-16100304
15991936,551.75,Apartment,Entire home/apt,"{TV,""Wireless Internet"",""Air conditioning"",Kitchen,Heating,""Family/kid friendly"",Washer,Dryer,""Smoke detector"",""Carbon monoxide detector"",""First aid kit"",""Fire extinguisher"",Essentials,Shampoo,""Lock on bedroom door"",Hangers,""Hair dryer"",Iron,""Laptop friendly workspace"",""Self Check-In"",Keypad,""Private living room"",""High chair"",""Children��s books and toys"",""Window guards"",Crib,""Pack ��n Play/travel crib"",""Children��s dinnerware"",""Hot water"",""Bed linens"",""Extra pillows and blankets"",""Coffee maker"",Refrigerator,Dishwasher,""Dishes and silverware"",""Cooking basics"",Oven,Stove,""Luggage dropoff allowed"",""Long term stays allowed"",""Wide hallway clearance"",""Wide doorway"",""Well-lit path to entrance""}",4,1,Real Bed,moderate,1,NYC,t,100%,2013-09-20,Harlem,19,99.0,10027,2,2,551.75Entire home/apt2013-09-201002719
11399852,424.85,House,Private room,"{""Wireless Internet"",""Air conditioning"",Kitchen,Heating,""Smoke detector"",""Carbon monoxide detector"",Essentials,Shampoo,""Lock on bedroom door"",Hangers,""Hair dryer"",""translation missing: en.hosting_amenity_49"",""translation missing: en.hosting_amenity_50""}",2,1,Real Bed,strict,0,NYC,t,100%,2015-06-10,Harlem,41,95.0,10027,1,2,424.85Private room2015-06-101002741
14219018,444.27,Apartment,Private room,"{TV,""Cable TV"",Internet,""Wireless Internet"",""Air conditioning"",Kitchen,Gym,""Buzzer/wireless intercom"",Heating,""Family/kid friendly"",""translation missing: en.hosting_amenity_50"",Microwave,Refrigerator,""Dishes and silverware"",""Cooking basics"",Oven,Stove}",2,1,Real Bed,strict,1,NYC,t,89%,2013-06-07,Harlem,97,91.0,10027,1,1,444.27Private room2013-06-071002797
6228461,409.43,Apartment,Private room,"{TV,""Wireless Internet"",""Air conditioning"",Kitchen,Breakfast,""Pets live on this property"",Cat(s),""Buzzer/wireless intercom"",Heating,Washer,Dryer,""Smoke detector"",""Carbon monoxide detector"",""First aid kit"",""Fire extinguisher"",Essentials,""Lock on bedroom door"",Hangers,""Hair dryer"",Iron,""Laptop friendly workspace"",""translation missing: en.hosting_amenity_49"",""translation missing: en.hosting_amenity_50"",""Hot water"",""Bed linens"",""Extra pillows and blankets"",Microwave,""Coffee maker"",Refrigerator,Dishwasher,""Dishes and silverware"",""Cooking basics"",Oven,Stove}",2,1,Real Bed,flexible,1,NYC,t,100%,2013-03-19,Harlem,7,97.0,10030,1,1,409.43Private room2013-03-19100307
14057888,494.16,Apartment,Entire home/apt,"{TV,""Cable TV"",""Wireless Internet"",""Air conditioning"",""Wheelchair accessible"",Kitchen,Doorman,Elevator,""Buzzer/wireless intercom"",Heating,""Family/kid friendly"",Washer,Dryer,""Smoke detector"",""Carbon monoxide detector"",""Fire extinguisher"",Essentials,Shampoo,Hangers,Iron,""translation missing: en.hosting_amenity_50""}",4,1,Real Bed,flexible,1,NYC,t,100%,2013-05-20,Harlem,16,91.0,10037,1,1,494.16Entire home/apt2013-05-201003716
8084290,497.67,Condominium,Entire home/apt,"{TV,""Wireless Internet"",""Air conditioning"",Kitchen,Breakfast,Elevator,Heating,""Suitable for events"",Washer,Dryer,""Smoke detector"",""Carbon monoxide detector"",""First aid kit"",""Safety card"",""Fire extinguisher"",Essentials,Shampoo,""Lock on bedroom door"",Hangers,""Hair dryer"",Iron,""Private entrance"",Bathtub,""Hot water"",""Bed linens"",""Extra pillows and blankets"",Microwave,""Coffee maker"",Refrigerator,Dishwasher,""Dishes and silverware"",""Cooking basics"",Oven,Stove,""Patio or balcony"",""Step-free access"",""Flat, smooth pathway to front door"",""Host greets you""}",4,1,Real Bed,moderate,1,NYC,t,100%,2012-05-09,Harlem,7,94.0,10027,1,2,497.67Entire home/apt2012-05-09100277
12282255,449.98,Apartment,Entire home/apt,"{Internet,""Wireless Internet"",""Air conditioning"",Kitchen,""Pets allowed"",""Family/kid friendly"",""Smoke detector"",""Fire extinguisher"",Shampoo}",3,1,Real Bed,strict,0,NYC,t,100%,2015-04-23,Harlem,23,94.0,10030,0,1,449.98Entire home/apt2015-04-231003023
21005590,444.27,Apartment,Private room,"{TV,""Wireless Internet"",""Air conditioning"",Kitchen,""Smoking allowed"",""Pets allowed"",Elevator,Heating,""Family/kid friendly"",Washer,Dryer,""Smoke detector"",""Carbon monoxide detector"",""First aid kit"",Essentials,Shampoo,""Lock on bedroom door"",Hangers,""Hair dryer"",Iron}",3,1,Real Bed,flexible,0,NYC,t,,2016-03-20,Harlem,0,,10039,2,1,444.27Private room2016-03-20100390
4698479,510.59,Apartment,Entire home/apt,"{TV,Internet,""Wireless Internet"",""Air conditioning"",""Wheelchair accessible"",Kitchen,Gym,Elevator,""Buzzer/wireless intercom"",Heating,""Family/kid friendly"",Washer,Dryer,""Smoke detector"",""Carbon monoxide detector"",""Safety card"",Shampoo,Hangers,""Hair dryer"",""Laptop friendly workspace""}",2,1,Real Bed,moderate,1,NYC,t,,2015-12-10,Harlem,5,100.0,10026,1,1,510.59Entire home/apt2015-12-10100265
6661783,448.86,Apartment,Private room,"{TV,""Wireless Internet"",""Air conditioning"",Kitchen,Heating,""Smoke detector"",""Carbon monoxide detector"",""Fire extinguisher"",Essentials,Shampoo,""Lock on bedroom door"",Hangers,""Hair dryer"",Iron,""Laptop friendly workspace"",Other}",2,2,Real Bed,flexible,1,NYC,t,100%,2014-04-26,Harlem,28,91.0,10027,1,1,448.86Private room2014-04-261002728
2243670,519.3,Apartment,Entire home/apt,"{TV,""Cable TV"",Internet,""Wireless Internet"",""Air conditioning"",Kitchen,""Buzzer/wireless intercom"",Heating,""Family/kid friendly"",Washer,Dryer,""Smoke detector"",""Carbon monoxide detector"",""Safety card"",""Fire extinguisher"",Essentials,Shampoo,Hangers,Iron,""Laptop friendly workspace""}",3,1,Real Bed,strict,1,NYC,t,90%,2013-03-05,Harlem,15,97.0,10027,2,2,519.3Entire home/apt2013-03-051002715
5059214,431.75,Apartment,Private room,"{TV,""Wireless Internet"",""Air conditioning"",Kitchen,""Free parking on premises"",Breakfast,Heating,""Smoke detector"",""Carbon monoxide detector"",""First aid kit"",""Fire extinguisher"",Essentials,Shampoo,""Lock on bedroom door"",Hangers,""Laptop friendly workspace"",""Private living room""}",1,3,Real Bed,strict,0,NYC,f,,2014-03-14,Harlem,0,,10030,2,1,431.75Private room2014-03-14100300
20556938,438.2,Apartment,Private room,"{TV,Washer,""Cable TV"",Dryer,Internet,""Smoke detector"",""Wireless Internet"",""Carbon monoxide detector"",""Air conditioning"",Kitchen,Essentials,""Lock on bedroom door"",Hangers,""Hair dryer"",Doorman,""Laptop friendly workspace"",""translation missing: en.hosting_amenity_49"",Elevator,""Private living room"",Heating}",2,1,Real Bed,strict,0,NYC,f,100%,2016-04-12,Harlem,41,94.0,10029,1,1,438.2Private room2016-04-121002941
10165064,431.75,Apartment,Entire home/apt,"{TV,""Cable TV"",Internet,""Wireless Internet"",""Air conditioning"",Kitchen,Gym,Elevator,""Buzzer/wireless intercom"",Heating,""Family/kid friendly"",Washer,Dryer,""Smoke detector"",""Carbon monoxide detector"",Essentials,Shampoo,""Hair dryer"",Iron,""Laptop friendly workspace""}",3,1,Real Bed,flexible,0,NYC,t,,2016-11-02,Harlem,1,100.0,10039,2,3,431.75Entire home/apt2016-11-02100391
7359527,434.38,Apartment,Entire home/apt,"{TV,Internet,""Wireless Internet"",""Air conditioning"",Kitchen,""Free parking on premises"",Breakfast,""Buzzer/wireless intercom"",Heating,""Smoke detector"",""Carbon monoxide detector"",""Fire extinguisher"",Essentials,Shampoo}",2,1,Real Bed,flexible,0,NYC,f,,2015-04-08,Harlem,1,100.0,10030,0,1,434.38Entire home/apt2015-04-08100301
6630775,504.34,Apartment,Entire home/apt,"{TV,""Cable TV"",Internet,""Wireless Internet"",""Air conditioning"",Kitchen,""Pets live on this property"",Dog(s),Heating,""Family/kid friendly"",""Smoke detector"",""Carbon monoxide detector"",""First aid kit"",""Safety card"",""Fire extinguisher"",Essentials,Shampoo,Hangers,""Hair dryer"",Iron,""Laptop friendly workspace"",""translation missing: en.hosting_amenity_50"",""Self Check-In"",""Smart lock""}",4,1,Real Bed,moderate,1,NYC,t,100%,2014-06-30,Harlem,40,97.0,10030,1,4,504.34Entire home/apt2014-06-301003040
2399406,389.18,Apartment,Private room,"{""Wireless Internet"",Kitchen,""Pets allowed"",Breakfast,Elevator,""Family/kid friendly"",""Smoke detector"",""Carbon monoxide detector"",""First aid kit"",Essentials,Shampoo,""Lock on bedroom door"",Hangers,""Hair dryer"",Iron,""Laptop friendly workspace"",""translation missing: en.hosting_amenity_50""}",2,1,Real Bed,flexible,0,NYC,f,100%,2016-02-28,Harlem,12,92.0,10030,1,1,389.18Private room2016-02-281003012
12386097,366.36,Apartment,Shared room,"{TV,Internet,""Wireless Internet"",""Air conditioning"",Kitchen,Heating,""Smoke detector"",Essentials,Shampoo}",1,1,Real Bed,moderate,1,NYC,t,100%,2015-10-02,Harlem,18,96.0,10027,1,2,366.36Shared room2015-10-021002718
4559312,510.59,Apartment,Entire home/apt,"{Internet,""Wireless Internet"",""Air conditioning"",Kitchen,""Pets live on this property"",Dog(s),""Buzzer/wireless intercom"",Heating,""Family/kid friendly"",""Smoke detector"",""Carbon monoxide detector"",Shampoo,Hangers,""Hair dryer"",""Laptop friendly workspace""}",4,1,Real Bed,strict,0,NYC,t,,2013-03-06,Harlem,2,80.0,10026,2,2,510.59Entire home/apt2013-03-06100262
2165604,368.89,Apartment,Private room,"{""Wireless Internet"",""Air conditioning"",Kitchen,""Smoking allowed"",Breakfast,""Pets live on this property"",Cat(s),""Buzzer/wireless intercom"",""Smoke detector"",""Carbon monoxide detector"",""First aid kit"",""Fire extinguisher"",Essentials,Shampoo,Hangers,""Hair dryer"",Iron,""translation missing: en.hosting_amenity_49"",""translation missing: en.hosting_amenity_50"",""Host greets you""}",2,1,Real Bed,moderate,1,NYC,t,100%,2016-03-14,Harlem,7,94.0,10039,1,1,368.89Private room2016-03-14100397
14276565,486.75,Apartment,Entire home/apt,"{TV,""Wireless Internet"",""Air conditioning"",Kitchen,""Buzzer/wireless intercom"",Heating,""Family/kid friendly"",""Smoke detector"",""Carbon monoxide detector"",Essentials,Hangers,""Hair dryer"",Iron,""Laptop friendly workspace""}",4,1,Real Bed,strict,1,NYC,t,87%,2014-01-22,Harlem,0,,10027,2,2,486.75Entire home/apt2014-01-22100270
18385413,409.43,Apartment,Entire home/apt,"{TV,""Cable TV"",Internet,""Wireless Internet"",""Air conditioning"",Kitchen,Elevator,""Buzzer/wireless intercom"",Heating,Essentials,Hangers,""Hair dryer"",Iron}",2,1,Real Bed,flexible,0,NYC,f,,2014-06-04,Harlem,18,91.0,10030,0,1,409.43Entire home/apt2014-06-041003018
4902799,621.26,Apartment,Entire home/apt,"{TV,Internet,""Wireless Internet"",""Air conditioning"",""Wheelchair accessible"",Kitchen,Elevator,Heating,""Family/kid friendly"",Washer,Dryer,""Smoke detector"",""Carbon monoxide detector"",""Fire extinguisher"",Essentials,Shampoo}",4,2,Real Bed,strict,1,NYC,t,,2011-12-23,Harlem,0,,10026,2,2,621.26Entire home/apt2011-12-23100260
20976767,431.75,Apartment,Shared room,"{TV,Internet,""Wireless Internet"",""Air conditioning"",Kitchen,""Free parking on premises"",Elevator,""Buzzer/wireless intercom"",Heating,""Family/kid friendly"",""Smoke detector"",""Carbon monoxide detector"",""First aid kit"",Essentials,Shampoo,Hangers,""Hair dryer"",Iron,""Laptop friendly workspace"",""translation missing: en.hosting_amenity_50""}",2,1,Pull-out Sofa,moderate,1,NYC,t,100%,2013-03-19,Harlem,30,94.0,10026,1,1,431.75Shared room2013-03-191002630
10869168,552.15,Apartment,Entire home/apt,"{TV,""Cable TV"",Internet,""Wireless Internet"",""Air conditioning"",Kitchen,""Free parking on premises"",""Buzzer/wireless intercom"",Heating,""Family/kid friendly"",Dryer,""Smoke detector"",Essentials,Shampoo,""Hair dryer"",Iron}",7,1,Real Bed,strict,1,NYC,f,90%,2013-01-01,Harlem,29,88.0,10027,3,4,552.15Entire home/apt2013-01-011002729
7591555,424.85,Apartment,Entire home/apt,"{""Wireless Internet"",""Air conditioning"",Kitchen,Heating,""Family/kid friendly"",""Smoke detector"",""Carbon monoxide detector"",Essentials,Shampoo,""Hair dryer"",Iron,""Laptop friendly workspace""}",2,1,Real Bed,flexible,1,NYC,f,38%,2013-06-02,Harlem,7,95.0,10039,1,1,424.85Entire home/apt2013-06-02100397
15454112,459.51,House,Private room,"{TV,""Cable TV"",Internet,""Wireless Internet"",""Air conditioning"",Kitchen,Heating,""Smoke detector"",""Carbon monoxide detector"",""First aid kit"",""Safety card"",""Fire extinguisher"",Essentials,Shampoo,Hangers,""Hair dryer"",Iron,""Laptop friendly workspace"",""translation missing: en.hosting_amenity_49"",""translation missing: en.hosting_amenity_50"",""Private entrance""}",2,1,Real Bed,moderate,1,NYC,t,100%,2014-06-30,Harlem,73,94.0,10030,1,1,459.51Private room2014-06-301003073
10923708,340.12,Apartment,Private room,"{TV,Internet,""Wireless Internet"",""Air conditioning"",Kitchen,""Pets live on this property"",Cat(s),""Buzzer/wireless intercom"",Heating,""Family/kid friendly"",Washer,""Smoke detector"",""Carbon monoxide detector"",""First aid kit"",""Fire extinguisher"",Essentials}",1,1,Real Bed,strict,0,NYC,t,100%,2014-06-30,Harlem,166,91.0,10031,1,1,340.12Private room2014-06-3010031166
1998513,438.2,Apartment,Entire home/apt,"{TV,Internet,""Wireless Internet"",""Air conditioning"",Kitchen,""Pets allowed"",Elevator,Heating,Washer,Dryer,""Smoke detector"",""Carbon monoxide detector"",Shampoo,""Self Check-In"",Lockbox}",2,1,Real Bed,strict,1,NYC,t,80%,2013-12-21,Harlem,11,87.0,10027,0,1,438.2Entire home/apt2013-12-211002711
18211034,449.98,Apartment,Private room,"{""Wireless Internet"",Kitchen,""Smoke detector"",""Carbon monoxide detector"",""First aid kit"",Essentials,""Lock on bedroom door"",""Laptop friendly workspace"",""translation missing: en.hosting_amenity_49"",""translation missing: en.hosting_amenity_50""}",2,1,Real Bed,flexible,0,NYC,f,,2016-01-07,Harlem,0,,10030,1,1,449.98Private room2016-01-07100300
13041230,431.75,Apartment,Entire home/apt,"{TV,Internet,""Wireless Internet"",""Wheelchair accessible"",Kitchen,""Free parking on premises"",Elevator,""Hot tub"",""Buzzer/wireless intercom"",Heating,Washer,Dryer,""Smoke detector"",""Carbon monoxide detector"",Essentials,Shampoo,Hangers,Iron,""translation missing: en.hosting_amenity_49"",""translation missing: en.hosting_amenity_50""}",3,1,Real Bed,flexible,1,NYC,t,,2013-12-21,Harlem,31,87.0,10027,1,1,431.75Entire home/apt2013-12-211002731
9470528,477.91,Apartment,Entire home/apt,"{TV,""Cable TV"",Internet,""Wireless Internet"",""Air conditioning"",Kitchen,Heating,""Smoke detector"",Essentials}",2,1,Real Bed,moderate,1,NYC,t,100%,2015-10-02,Harlem,5,88.0,10027,0,2,477.91Entire home/apt2015-10-02100275
8256789,552.15,Apartment,Entire home/apt,"{TV,""Wireless Internet"",""Air conditioning"",Elevator,Heating,""Family/kid friendly"",Washer,Dryer,""Smoke detector"",""Carbon monoxide detector"",Essentials,Shampoo,""Hair dryer"",Iron}",4,2,Real Bed,moderate,1,NYC,t,100%,2015-10-02,Harlem,0,,10027,2,2,552.15Entire home/apt2015-10-02100270
3323232,460.52,Condominium,Private room,"{TV,""Wireless Internet"",""Air conditioning"",Kitchen,Breakfast,Heating,""Family/kid friendly"",Washer,Dryer,""Smoke detector"",""Carbon monoxide detector"",""First aid kit"",""Fire extinguisher"",Essentials,Shampoo,""Lock on bedroom door"",Hangers,""Hair dryer"",Iron,""Laptop friendly workspace"",""Private living room""}",2,1,Real Bed,flexible,0,NYC,f,100%,2015-10-02,Harlem,0,,10039,1,1,460.52Private room2015-10-02100390
20899396,470.05,Apartment,Entire home/apt,"{TV,Internet,""Wireless Internet"",""Air conditioning"",Kitchen,""Buzzer/wireless intercom"",Heating,""Family/kid friendly"",""Smoke detector"",""Carbon monoxide detector"",Essentials,Shampoo}",4,1,Real Bed,flexible,1,NYC,t,100%,2013-12-21,Harlem,4,85.0,10030,1,2,470.05Entire home/apt2013-12-21100304
3380585,436.94,Apartment,Private room,"{TV,""Cable TV"",Internet,""Wireless Internet"",""Air conditioning"",Kitchen,Elevator,""Buzzer/wireless intercom"",Heating,Washer,Dryer,""Smoke detector"",""Carbon monoxide detector"",Essentials}",2,1,Real Bed,moderate,0,NYC,f,,2014-06-30,Harlem,2,70.0,10027,1,1,436.94Private room2014-06-30100272
10770929,561.68,Apartment,Entire home/apt,"{TV,""Cable TV"",Internet,""Wireless Internet"",""Air conditioning"",Kitchen,Heating,""Smoke detector"",""Carbon monoxide detector"",""Fire extinguisher"",Essentials,Hangers,""Hair dryer"",Iron}",8,2,Real Bed,strict,1,NYC,t,100%,2014-06-30,Harlem,28,92.0,10026,2,5,561.68Entire home/apt2014-06-301002628
7347593,504.34,House,Private room,"{TV,Internet,""Wireless Internet"",Kitchen,""Smoking allowed"",""Indoor fireplace"",""Buzzer/wireless intercom"",Heating,Washer,Dryer,""Smoke detector"",""Carbon monoxide detector"",""First aid kit"",Essentials,Shampoo,""24-hour check-in"",Hangers,""Hair dryer"",Iron,""Laptop friendly workspace"",""Self Check-In"",Lockbox,""Hot water"",""Private bathroom"",""Bed linens"",""Extra pillows and blankets"",Microwave,""Coffee maker"",Refrigerator,""Dishes and silverware"",""Cooking basics"",Oven,Stove,""BBQ grill"",""Patio or balcony"",""Garden or backyard"",""Luggage dropoff allowed"",""Cleaning before checkout"",""Wide hallway clearance"",""Wide doorway"",""Wide doorway"",""Wide clearance to bed"",""Step-free access"",""Wide doorway"",""Fixed grab bars for shower & toilet"",""Accessible-height toilet"",""Wide clearance to shower & toilet"",""Step-free access"",""Wide entryway""}",4,1,Real Bed,strict,0,NYC,t,100%,2013-12-11,Harlem,14,89.0,10037,1,2,504.34Private room2013-12-111003714
11157369,409.43,Apartment,Private room,"{TV,Internet,""Wireless Internet"",""Air conditioning"",Kitchen,Heating,Essentials,Shampoo,Iron,""Laptop friendly workspace""}",1,1,Real Bed,flexible,1,NYC,t,,2014-06-30,Harlem,0,,10026,1,1,409.43Private room2014-06-30100260
16354537,478.75,Apartment,Private room,"{""Wireless Internet"",""Air conditioning"",Kitchen,Heating,Washer,Dryer,""Smoke detector"",""Carbon monoxide detector"",Essentials,Shampoo,Hangers,""Hair dryer"",Iron,""Laptop friendly workspace"",""Bed linens""}",2,1,Real Bed,strict,0,NYC,t,100%,2013-12-21,Harlem,14,99.0,10027,1,1,478.75Private room2013-12-211002714
